anio,promedio_anual_valor
2015,1.3055270188749852
2016,1.2427118520504612
2017,1.1821163927842935
2018,1.1053777573530226
2019,0.7155023809459683
2020,0.6703540632921946
2021,0.7276663288183547
2022,0.6591281109361536
2023,0.6014141083069646
2024,0.49816971667502447
