anio,promedio_anual_valor
2015,10.241054516773753
2016,10.139378260113352
2017,10.143454756667404
2018,9.857972340734198
2019,9.635688196502823
2020,9.241321618459223
2021,9.384561261628464
2022,9.500672256880245
2023,9.06008353957647
2024,8.676566528493256
