anio,promedio_anual_valor
2015,0.03071739828483751
2016,0.031248546714232148
2017,0.03194127911477408
2018,0.031523764447564544
2019,0.031574439055848016
2020,0.03100681932496571
2021,0.03180006477372236
2022,0.0318663737178804
2023,0.03263686094235294
2024,0.034093293784527405
