state_name,promedio_estatal
Alaska,2.2727656603670443
Hawaii,1.4052782681162228
Montana,1.248636436703092
West Virginia,1.2419948586118252
North Dakota,1.1936678216057102
Georgia,1.0866613094780706
Michigan,1.0313302348385158
Kentucky,0.9874923955919046
Pennsylvania,0.7695055909484468
Missouri,0.7605938129745726
