state_name,county_name,promedio_valor_medido
Colorado,Clear Creek,0.05151072662993901
Colorado,Chaffee,0.05135932300506371
Nevada,Elko,0.05061708753476444
Colorado,Park,0.04985935230645792
Wyoming,Albany,0.04903426518466774
