anio,promedio_anual_valor
2015,0.33234976678223294
2016,0.327349223706244
2017,0.3248476576177812
2018,0.31593711479550335
2019,0.2984814305127564
2020,0.316382109799117
2021,0.3078897508523813
2022,0.28503015690957256
2023,0.29082324655803443
2024,0.2738250324530866
