state_name,promedio_estatal
Nevada,0.04220003717467884
Colorado,0.041122623501930536
Wyoming,0.04038296978866271
Utah,0.03911210177702964
Arizona,0.03674139514647716
New Mexico,0.03650939663754372
South Dakota,0.03625469813386153
Oklahoma,0.0361973525444748
Wisconsin,0.03587669208509876
Idaho,0.03558748333474603
