state_name,promedio_estatal
Georgia,0.42973817207907483
Michigan,0.370795463801799
District Of Columbia,0.3502879572847236
Pennsylvania,0.3481830792131984
Oklahoma,0.33737966338726705
Alaska,0.33102712790838423
Indiana,0.3299659167540622
Florida,0.3235442350391536
Nevada,0.32265303684066193
New Jersey,0.3188116699510259
