state_name,promedio_estatal
Georgia,14.913116314842846
New Jersey,13.703563345069428
Illinois,13.258857695843037
Arizona,12.407154230743247
Nevada,11.393860758259336
Michigan,11.202306442760804
Washington,11.057753181152405
New York,10.885678021109971
Pennsylvania,10.03648788126643
Missouri,9.901603861164915
